"Screen_Tech","energy"
"LCD",326.00166666666667
"LED",330.30270907513136
"OLED",386.54315476190476
